,sentiment,word,n,date
1,neg,해가,263,2020-03-01
2,neg,해,197,2020-03-01
3,neg,못하고,125,2020-03-01
4,neg,힘든,92,2020-03-01
5,neg,어려운,62,2020-03-01
6,neg,아니다,52,2020-03-01
7,neg,병,47,2020-03-01
8,neg,분에,47,2020-03-01
9,neg,걱정,46,2020-03-01
10,neg,비싼,45,2020-03-01
11,neg,흐린,38,2020-03-01
12,neg,무서워서,36,2020-03-01
13,neg,힘들,35,2020-03-01
14,neg,미친,30,2020-03-01
15,neg,잘못,30,2020-03-01
16,neg,무서운,27,2020-03-01
17,neg,힘들다,27,2020-03-01
18,neg,힘들게,25,2020-03-01
19,neg,스트레스,23,2020-03-01
20,neg,심하게,22,2020-03-01
21,neg,무서워,21,2020-03-01
22,neg,못하게,20,2020-03-01
23,neg,슬픈,20,2020-03-01
24,neg,싫어서,20,2020-03-01
25,neg,싫어하는,20,2020-03-01
26,neg,부담,19,2020-03-01
27,neg,아파서,19,2020-03-01
28,neg,부족한,18,2020-03-01
29,neg,실망,17,2020-03-01
30,neg,심한,17,2020-03-01
31,neg,어려울,17,2020-03-01
32,neg,후회,17,2020-03-01
33,neg,어렵다,16,2020-03-01
34,neg,이기적인,16,2020-03-01
35,neg,화,16,2020-03-01
36,neg,불편한,15,2020-03-01
37,neg,비싸다,15,2020-03-01
38,neg,화가,15,2020-03-01
39,neg,살기,14,2020-03-01
40,neg,나쁜,13,2020-03-01
41,neg,거짓말,12,2020-03-01
42,neg,욕,12,2020-03-01
43,neg,힘겹게,12,2020-03-01
44,neg,병을,11,2020-03-01
45,neg,불안한,11,2020-03-01
46,neg,불편함,11,2020-03-01
47,neg,손해,11,2020-03-01
48,neg,망할,10,2020-03-01
49,neg,무섭고,10,2020-03-01
50,neg,벌,10,2020-03-01
51,neg,어려워서,10,2020-03-01
52,neg,어렵고,10,2020-03-01
53,neg,울고,10,2020-03-01
54,neg,바보,9,2020-03-01
55,neg,심각한,9,2020-03-01
56,neg,어려워,9,2020-03-01
57,neg,무서워하는,8,2020-03-01
58,neg,싫고,8,2020-03-01
59,neg,아프고,8,2020-03-01
60,neg,짜증,8,2020-03-01
61,neg,짜증이,8,2020-03-01
62,neg,불편할,7,2020-03-01
63,neg,싫다고,7,2020-03-01
64,neg,쓸데없는,7,2020-03-01
65,neg,위험이,7,2020-03-01
66,neg,잘못된,7,2020-03-01
67,neg,최악의,7,2020-03-01
68,neg,거친,6,2020-03-01
69,neg,막혀,6,2020-03-01
70,neg,무서울,6,2020-03-01
71,neg,불만,6,2020-03-01
72,neg,비만,6,2020-03-01
73,neg,속상,6,2020-03-01
74,neg,아픈,6,2020-03-01
75,neg,어려움,6,2020-03-01
76,neg,어렵게,6,2020-03-01
77,neg,우울한,6,2020-03-01
78,neg,장애인,6,2020-03-01
79,neg,죄송합니다,6,2020-03-01
80,neg,귀찮은,5,2020-03-01
81,neg,더럽게,5,2020-03-01
82,neg,몰아쳐서,5,2020-03-01
83,neg,미련이,5,2020-03-01
84,neg,비난을,5,2020-03-01
85,neg,상처,5,2020-03-01
86,neg,손해를,5,2020-03-01
87,neg,슬퍼,5,2020-03-01
88,neg,시끄럽게,5,2020-03-01
89,neg,시끄럽고,5,2020-03-01
90,neg,쓸쓸한,5,2020-03-01
91,neg,아프다,5,2020-03-01
92,neg,앓고,5,2020-03-01
93,neg,위험한,5,2020-03-01
94,neg,지나친,5,2020-03-01
95,neg,처벌을,5,2020-03-01
96,neg,화를,5,2020-03-01
97,neg,환상,5,2020-03-01
98,neg,극혐,4,2020-03-01
99,neg,더러워,4,2020-03-01
100,neg,두려운,4,2020-03-01
101,neg,못생김,4,2020-03-01
102,neg,병으로,4,2020-03-01
103,neg,부담스러운,4,2020-03-01
104,neg,불쌍한,4,2020-03-01
105,neg,불쾌한,4,2020-03-01
106,neg,불편,4,2020-03-01
107,neg,사악한,4,2020-03-01
108,neg,상해서,4,2020-03-01
109,neg,싫다,4,2020-03-01
110,neg,싫어하고,4,2020-03-01
111,neg,쓸데없이,4,2020-03-01
112,neg,아파,4,2020-03-01
113,neg,아플,4,2020-03-01
114,neg,가난한,3,2020-03-01
115,neg,가짜,3,2020-03-01
116,neg,격하게,3,2020-03-01
117,neg,격한,3,2020-03-01
118,neg,곰팡이,3,2020-03-01
119,neg,공포증,3,2020-03-01
120,neg,기절할,3,2020-03-01
121,neg,끔찍한,3,2020-03-01
122,neg,나쁠,3,2020-03-01
123,neg,더러운,3,2020-03-01
124,neg,못난,3,2020-03-01
125,neg,무분별한,3,2020-03-01
126,neg,무섭다,3,2020-03-01
127,neg,방해가,3,2020-03-01
128,neg,병이,3,2020-03-01
129,neg,분노,3,2020-03-01
130,neg,불편하다,3,2020-03-01
131,neg,소름,3,2020-03-01
132,neg,쉰,3,2020-03-01
133,neg,슬프게,3,2020-03-01
134,neg,슬프다,3,2020-03-01
135,neg,싫은,3,2020-03-01
136,neg,쓰며,3,2020-03-01
137,neg,아픔,3,2020-03-01
138,neg,안타까울,3,2020-03-01
139,neg,어리석은,3,2020-03-01
140,neg,원한,3,2020-03-01
141,neg,이기적,3,2020-03-01
142,neg,잘못을,3,2020-03-01
143,neg,강제적으로,2,2020-03-01
144,neg,강탈,2,2020-03-01
145,neg,고통이,2,2020-03-01
146,neg,공포,2,2020-03-01
147,neg,과장된,2,2020-03-01
148,neg,괴로워,2,2020-03-01
149,neg,기절하듯이,2,2020-03-01
150,neg,꺼리는,2,2020-03-01
151,neg,당황한,2,2020-03-01
152,neg,떡실신,2,2020-03-01
153,neg,모진,2,2020-03-01
154,neg,몹쓸,2,2020-03-01
155,neg,무너지는,2,2020-03-01
156,neg,무서움,2,2020-03-01
157,neg,무서움을,2,2020-03-01
158,neg,병이나,2,2020-03-01
159,neg,보잘것없이,2,2020-03-01
160,neg,분이나,2,2020-03-01
161,neg,불만족,2,2020-03-01
162,neg,불쌍하게,2,2020-03-01
163,neg,불편하거나,2,2020-03-01
164,neg,불편하게,2,2020-03-01
165,neg,불편하고,2,2020-03-01
166,neg,비극,2,2020-03-01
167,neg,비난,2,2020-03-01
168,neg,상처를,2,2020-03-01
169,neg,상함,2,2020-03-01
170,neg,서운한,2,2020-03-01
171,neg,소름이,2,2020-03-01
172,neg,소홀히,2,2020-03-01
173,neg,슬플,2,2020-03-01
174,neg,슬픔,2,2020-03-01
175,neg,시끄럽다,2,2020-03-01
176,neg,싫게,2,2020-03-01
177,neg,악한,2,2020-03-01
178,neg,안타깝게,2,2020-03-01
179,neg,얄미운,2,2020-03-01
180,neg,어렵거나,2,2020-03-01
181,neg,억울함,2,2020-03-01
182,neg,왕따,2,2020-03-01
183,neg,욕을,2,2020-03-01
184,neg,위험하다,2,2020-03-01
185,neg,위협을,2,2020-03-01
186,neg,잘못되어,2,2020-03-01
187,neg,재난,2,2020-03-01
188,neg,절망,2,2020-03-01
189,neg,죄송하다,2,2020-03-01
190,neg,죽음의,2,2020-03-01
191,neg,지겹게,2,2020-03-01
192,neg,짜증나는,2,2020-03-01
193,neg,짜증난,2,2020-03-01
194,neg,짜증을,2,2020-03-01
195,neg,창피하다,2,2020-03-01
196,neg,최악,2,2020-03-01
197,neg,타격을,2,2020-03-01
198,neg,터무니없이,2,2020-03-01
199,neg,폐렴,2,2020-03-01
200,neg,가난하게,1,2020-03-01
201,neg,거만하고,1,2020-03-01
202,neg,거칠게,1,2020-03-01
203,neg,거칠다,1,2020-03-01
204,neg,건방지게,1,2020-03-01
205,neg,겁쟁이,1,2020-03-01
206,neg,게걸스럽게,1,2020-03-01
207,neg,고통,1,2020-03-01
208,neg,고통을,1,2020-03-01
209,neg,괴상한,1,2020-03-01
210,neg,그른,1,2020-03-01
211,neg,꺼린다,1,2020-03-01
212,neg,끔찍하다,1,2020-03-01
213,neg,난잡한,1,2020-03-01
214,neg,낭패,1,2020-03-01
215,neg,냉담한,1,2020-03-01
216,neg,너무하다,1,2020-03-01
217,neg,노여움을,1,2020-03-01
218,neg,느끼하다,1,2020-03-01
219,neg,다툼을,1,2020-03-01
220,neg,더럽고,1,2020-03-01
221,neg,두려움으로,1,2020-03-01
222,neg,두려움을,1,2020-03-01
223,neg,두려워,1,2020-03-01
224,neg,두렵다,1,2020-03-01
225,neg,두통,1,2020-03-01
226,neg,막히는,1,2020-03-01
227,neg,막히다,1,2020-03-01
228,neg,망연자실,1,2020-03-01
229,neg,멍청한,1,2020-03-01
230,neg,멘붕,1,2020-03-01
231,neg,모질게,1,2020-03-01
232,neg,못난이,1,2020-03-01
233,neg,못된,1,2020-03-01
234,neg,못살게,1,2020-03-01
235,neg,못생겼다,1,2020-03-01
236,neg,못하다,1,2020-03-01
237,neg,무섭거나,1,2020-03-01
238,neg,미천한,1,2020-03-01
239,neg,미치겠다,1,2020-03-01
240,neg,밉다,1,2020-03-01
241,neg,방해하는,1,2020-03-01
242,neg,배탈,1,2020-03-01
243,neg,번거로운,1,2020-03-01
244,neg,번거롭게,1,2020-03-01
245,neg,범죄에,1,2020-03-01
246,neg,병이다,1,2020-03-01
247,neg,병적으로,1,2020-03-01
248,neg,부담스럽다,1,2020-03-01
249,neg,부상,1,2020-03-01
250,neg,부정적인,1,2020-03-01
251,neg,분하다,1,2020-03-01
252,neg,분함,1,2020-03-01
253,neg,불길한,1,2020-03-01
254,neg,불만이,1,2020-03-01
255,neg,불면증,1,2020-03-01
256,neg,불쌍히,1,2020-03-01
257,neg,불안감,1,2020-03-01
258,neg,불안하게,1,2020-03-01
259,neg,불안하다,1,2020-03-01
260,neg,불안하여,1,2020-03-01
261,neg,불안해하는,1,2020-03-01
262,neg,불평,1,2020-03-01
263,neg,불평을,1,2020-03-01
264,neg,비난하는,1,2020-03-01
265,neg,빼앗기고,1,2020-03-01
266,neg,빼앗는,1,2020-03-01
267,neg,삐뚤어져서,1,2020-03-01
268,neg,삐졌다,1,2020-03-01
269,neg,삐죽삐죽,1,2020-03-01
270,neg,사악하다,1,2020-03-01
271,neg,삭막하다,1,2020-03-01
272,neg,상하게,1,2020-03-01
273,neg,서러운,1,2020-03-01
274,neg,서운하게,1,2020-03-01
275,neg,서운하다,1,2020-03-01
276,neg,설움에,1,2020-03-01
277,neg,성난,1,2020-03-01
278,neg,소란스럽다,1,2020-03-01
279,neg,소스라치게,1,2020-03-01
280,neg,소홀하게,1,2020-03-01
281,neg,속상하다,1,2020-03-01
282,neg,손해가,1,2020-03-01
283,neg,수치와,1,2020-03-01
284,neg,쉬거나,1,2020-03-01
285,neg,슬퍼서,1,2020-03-01
286,neg,슬퍼하고,1,2020-03-01
287,neg,슬픔을,1,2020-03-01
288,neg,시들어,1,2020-03-01
289,neg,시비,1,2020-03-01
290,neg,시비가,1,2020-03-01
291,neg,실망한,1,2020-03-01
292,neg,실망함,1,2020-03-01
293,neg,실없는,1,2020-03-01
294,neg,실패로,1,2020-03-01
295,neg,싫어해,1,2020-03-01
296,neg,싫증,1,2020-03-01
297,neg,심각하게,1,2020-03-01
298,neg,심술궂은,1,2020-03-01
299,neg,심하다,1,2020-03-01
300,neg,싸우다,1,2020-03-01
301,neg,썩어서,1,2020-03-01
302,neg,쓰러질,1,2020-03-01
303,neg,쓸쓸하고,1,2020-03-01
304,neg,쓸쓸히,1,2020-03-01
305,neg,아프게,1,2020-03-01
306,neg,악마,1,2020-03-01
307,neg,악몽,1,2020-03-01
308,neg,안타깝다,1,2020-03-01
309,neg,앓는,1,2020-03-01
310,neg,애석,1,2020-03-01
311,neg,애처롭게,1,2020-03-01
312,neg,야속하게,1,2020-03-01
313,neg,야속하다,1,2020-03-01
314,neg,얄밉게,1,2020-03-01
315,neg,억울하게,1,2020-03-01
316,neg,우울,1,2020-03-01
317,neg,우울하다,1,2020-03-01
318,neg,울다,1,2020-03-01
319,neg,울음,1,2020-03-01
320,neg,울음소리,1,2020-03-01
321,neg,원한이,1,2020-03-01
322,neg,잔인하다,1,2020-03-01
323,neg,잘못이,1,2020-03-01
324,neg,제한적인,1,2020-03-01
325,neg,죄가,1,2020-03-01
326,neg,죄인이,1,2020-03-01
327,neg,지겹도록,1,2020-03-01
328,neg,지옥,1,2020-03-01
329,neg,진저리,1,2020-03-01
330,neg,질병,1,2020-03-01
331,neg,짓궂은,1,2020-03-01
332,neg,참혹한,1,2020-03-01
333,neg,처참하다,1,2020-03-01
334,neg,초라한,1,2020-03-01
335,neg,취약한,1,2020-03-01
336,neg,탄식,1,2020-03-01
337,neg,파괴,1,2020-03-01
338,neg,파울,1,2020-03-01
339,neg,편견,1,2020-03-01
340,neg,핀잔,1,2020-03-01
341,neg,한스럽다,1,2020-03-01
342,neg,한탄,1,2020-03-01
343,neg,허접,1,2020-03-01
344,neg,화나,1,2020-03-01
345,neg,화재,1,2020-03-01
346,neu,,20681,2020-03-01
347,neu,너무,4159,2020-03-01
348,neu,수,4067,2020-03-01
349,neu,제주,3328,2020-03-01
350,neu,있는,2942,2020-03-01
351,neu,더,2294,2020-03-01
352,neu,다,2263,2020-03-01
353,neu,진짜,2246,2020-03-01
354,neu,정말,2240,2020-03-01
355,neu,것,2231,2020-03-01
356,neu,이,2228,2020-03-01
357,neu,제주도,2062,2020-03-01
358,neu,많이,2008,2020-03-01
359,neu,잘,1970,2020-03-01
360,neu,한,1797,2020-03-01
361,neu,그리고,1727,2020-03-01
362,neu,ㅎㅎ,1719,2020-03-01
363,neu,또,1655,2020-03-01
364,neu,이렇게,1654,2020-03-01
365,neu,바로,1612,2020-03-01
366,neu,사진,1462,2020-03-01
367,neu,그,1431,2020-03-01
368,neu,그냥,1364,2020-03-01
369,neu,하고,1362,2020-03-01
370,neu,여행,1256,2020-03-01
371,neu,있어서,1247,2020-03-01
372,neu,ㅠㅠ,1218,2020-03-01
373,neu,좀,1217,2020-03-01
374,neu,제주여행,1209,2020-03-01
375,neu,다시,1204,2020-03-01
376,neu,ㅋㅋ,1165,2020-03-01
377,neu,꼭,1163,2020-03-01
378,neu,먹고,1112,2020-03-01
379,neu,ㅋㅋㅋ,1102,2020-03-01
380,neu,일,1085,2020-03-01
381,neu,그래도,1015,2020-03-01
382,neu,카페,964,2020-03-01
383,neu,내가,963,2020-03-01
384,neu,있다,950,2020-03-01
385,neu,안,946,2020-03-01
386,neu,엄청,919,2020-03-01
387,neu,그래서,901,2020-03-01
388,neu,때,901,2020-03-01
389,neu,함께,887,2020-03-01
390,neu,근데,870,2020-03-01
391,neu,나는,869,2020-03-01
392,neu,월,837,2020-03-01
393,neu,우리,815,2020-03-01
394,neu,코로나,806,2020-03-01
395,neu,분,804,2020-03-01
396,neu,사실,801,2020-03-01
397,neu,가는,795,2020-03-01
398,neu,곳,794,2020-03-01
399,neu,조금,778,2020-03-01
400,neu,보고,772,2020-03-01
401,neu,다른,771,2020-03-01
402,neu,사진을,747,2020-03-01
403,neu,때문에,746,2020-03-01
404,neu,내,743,2020-03-01
405,neu,ㅎ,739,2020-03-01
406,neu,했다,734,2020-03-01
407,neu,날,731,2020-03-01
408,neu,있고,721,2020-03-01
409,neu,저,719,2020-03-01
410,neu,저는,717,2020-03-01
411,neu,할,706,2020-03-01
412,neu,같아요,702,2020-03-01
413,neu,원,697,2020-03-01
414,neu,참,693,2020-03-01
415,neu,있어요,690,2020-03-01
416,neu,하는,690,2020-03-01
417,neu,같은,684,2020-03-01
418,neu,ㅋㅋㅋㅋ,679,2020-03-01
419,neu,볼,677,2020-03-01
420,neu,시,673,2020-03-01
421,neu,숙소,672,2020-03-01
422,neu,해서,672,2020-03-01
423,neu,박,667,2020-03-01
424,neu,있었다,664,2020-03-01
425,neu,시간,663,2020-03-01
426,neu,우리는,663,2020-03-01
427,neu,이런,661,2020-03-01
428,neu,있습니다,660,2020-03-01
429,neu,했는데,644,2020-03-01
430,neu,많은,639,2020-03-01
431,neu,보이는,619,2020-03-01
432,neu,가장,617,2020-03-01
433,neu,같이,607,2020-03-01
434,neu,여기,603,2020-03-01
435,neu,역시,602,2020-03-01
436,neu,여행을,601,2020-03-01
437,neu,아주,596,2020-03-01
438,neu,같다,593,2020-03-01
439,neu,타고,593,2020-03-01
440,neu,사람이,591,2020-03-01
441,neu,넘,585,2020-03-01
442,neu,중,585,2020-03-01
443,neu,거,583,2020-03-01
444,neu,있는데,582,2020-03-01
445,neu,찍고,582,2020-03-01
446,neu,ㅠ,573,2020-03-01
447,neu,하지만,549,2020-03-01
448,neu,후,536,2020-03-01
449,neu,전,535,2020-03-01
450,neu,시간이,531,2020-03-01
451,neu,날씨가,530,2020-03-01
452,neu,유명한,526,2020-03-01
453,neu,ㅋ,523,2020-03-01
454,neu,바다,519,2020-03-01
455,neu,가서,518,2020-03-01
456,neu,거의,518,2020-03-01
457,neu,마지막,518,2020-03-01
458,neu,보니,516,2020-03-01
459,neu,생각보다,516,2020-03-01
460,neu,제일,511,2020-03-01
461,neu,딱,510,2020-03-01
462,neu,이제,505,2020-03-01
463,neu,하나,502,2020-03-01
464,neu,ㅋㅋㅋㅋㅋ,499,2020-03-01
465,neu,바람이,495,2020-03-01
466,neu,좋았다,492,2020-03-01
467,neu,못,483,2020-03-01
468,neu,사람들이,482,2020-03-01
469,neu,없는,480,2020-03-01
470,neu,우리가,480,2020-03-01
471,neu,큰,480,2020-03-01
472,neu,정도,477,2020-03-01
473,neu,나,475,2020-03-01
474,neu,제가,472,2020-03-01
475,neu,합니다,472,2020-03-01
476,neu,계속,462,2020-03-01
477,neu,그렇게,462,2020-03-01
478,neu,게,461,2020-03-01
479,neu,년,460,2020-03-01
480,neu,원래,459,2020-03-01
481,neu,없어서,454,2020-03-01
482,neu,전에,450,2020-03-01
483,neu,온,449,2020-03-01
484,neu,가면,442,2020-03-01
485,neu,난,441,2020-03-01
486,neu,여기서,437,2020-03-01
487,neu,번,433,2020-03-01
488,neu,한번,433,2020-03-01
489,neu,한다,432,2020-03-01
490,neu,갔다,426,2020-03-01
491,neu,있어,423,2020-03-01
492,neu,와서,422,2020-03-01
493,neu,ㅎㅎㅎ,420,2020-03-01
494,neu,듯,419,2020-03-01
495,neu,뭔가,416,2020-03-01
496,neu,위해,416,2020-03-01
497,neu,갈,415,2020-03-01
498,neu,왜,411,2020-03-01
499,neu,따라,410,2020-03-01
500,neu,먹을,410,2020-03-01
501,neu,곳은,409,2020-03-01
502,neu,뭐,409,2020-03-01
503,neu,다들,407,2020-03-01
504,neu,일차,407,2020-03-01
505,neu,이번,405,2020-03-01
506,neu,비가,403,2020-03-01
507,neu,아,397,2020-03-01
508,neu,보면,396,2020-03-01
509,neu,혼자,391,2020-03-01
510,neu,다음,389,2020-03-01
511,neu,저희는,388,2020-03-01
512,neu,꽤,387,2020-03-01
513,neu,열심히,385,2020-03-01
514,neu,제주의,385,2020-03-01
515,neu,곳이,384,2020-03-01
516,neu,없이,384,2020-03-01
517,neu,완전,384,2020-03-01
518,neu,처음,382,2020-03-01
519,neu,건,381,2020-03-01
520,neu,먹으러,379,2020-03-01
521,neu,줄,379,2020-03-01
522,neu,호텔,375,2020-03-01
523,neu,앞에,374,2020-03-01
524,neu,제주도에,374,2020-03-01
525,neu,먼저,370,2020-03-01
526,neu,것도,369,2020-03-01
527,neu,근처,369,2020-03-01
528,neu,두,363,2020-03-01
529,neu,아침,363,2020-03-01
530,neu,그런지,362,2020-03-01
531,neu,흑돼지,362,2020-03-01
532,neu,모두,359,2020-03-01
533,neu,근처에,356,2020-03-01
534,neu,간,355,2020-03-01
535,neu,않고,355,2020-03-01
536,neu,첫,353,2020-03-01
537,neu,제,346,2020-03-01
538,neu,한라산,345,2020-03-01
539,neu,따로,344,2020-03-01
540,neu,사진도,344,2020-03-01
541,neu,인,344,2020-03-01
542,neu,미리,342,2020-03-01
543,neu,제주에,341,2020-03-01
544,neu,다양한,336,2020-03-01
545,neu,도착,333,2020-03-01
546,neu,있었는데,333,2020-03-01
547,neu,차,333,2020-03-01
548,neu,비행기,332,2020-03-01
549,neu,많아서,330,2020-03-01
550,neu,바다를,330,2020-03-01
551,neu,먹는,329,2020-03-01
552,neu,ㅜㅜ,329,2020-03-01
553,neu,등,327,2020-03-01
554,neu,직접,323,2020-03-01
555,neu,잠시,322,2020-03-01
556,neu,작은,321,2020-03-01
557,neu,길,320,2020-03-01
558,neu,살짝,317,2020-03-01
559,neu,바다가,313,2020-03-01
560,neu,요즘,312,2020-03-01
561,neu,시간을,310,2020-03-01
562,neu,아니라,309,2020-03-01
563,neu,길에,308,2020-03-01
564,neu,여기는,307,2020-03-01
565,neu,가고,306,2020-03-01
566,neu,별로,306,2020-03-01
567,neu,우도,306,2020-03-01
568,neu,제대로,306,2020-03-01
569,neu,ㅋㅋㅋㅋㅋㅋ,306,2020-03-01
570,neu,본,304,2020-03-01
571,neu,느낌,303,2020-03-01
572,neu,맛이,303,2020-03-01
573,neu,제주도는,303,2020-03-01
574,neu,찍은,302,2020-03-01
575,neu,차를,301,2020-03-01
576,neu,된,299,2020-03-01
577,neu,지금,299,2020-03-01
578,neu,사진이,298,2020-03-01
579,neu,일단,298,2020-03-01
580,neu,싶은,297,2020-03-01
581,neu,입니다,292,2020-03-01
582,neu,맛있었다,291,2020-03-01
583,neu,제주에서,291,2020-03-01
584,neu,그런,289,2020-03-01
585,neu,을,289,2020-03-01
586,neu,갔는데,288,2020-03-01
587,neu,것이,288,2020-03-01
588,neu,약간,288,2020-03-01
589,neu,날이,287,2020-03-01
590,neu,가,286,2020-03-01
591,neu,숙소로,286,2020-03-01
592,neu,옆에,286,2020-03-01
593,neu,멋진,285,2020-03-01
594,neu,사진은,282,2020-03-01
595,neu,를,281,2020-03-01
596,neu,마음에,281,2020-03-01
597,neu,오늘은,281,2020-03-01
598,neu,않은,280,2020-03-01
599,neu,유채꽃,279,2020-03-01
600,neu,이거,277,2020-03-01
601,neu,아직,272,2020-03-01
602,neu,없고,272,2020-03-01
603,neu,갑자기,271,2020-03-01
604,neu,드디어,271,2020-03-01
605,neu,서귀포,271,2020-03-01
606,neu,먹었다,269,2020-03-01
607,neu,와,268,2020-03-01
608,neu,기억이,267,2020-03-01
609,neu,오늘,266,2020-03-01
610,neu,있으니,266,2020-03-01
611,neu,너무너무,265,2020-03-01
612,neu,했지만,265,2020-03-01
613,neu,이미,264,2020-03-01
614,neu,결국,262,2020-03-01
615,neu,보는,262,2020-03-01
616,neu,특히,262,2020-03-01
617,neu,걸,261,2020-03-01
618,neu,생각이,261,2020-03-01
619,neu,맛은,260,2020-03-01
620,neu,몇,260,2020-03-01
621,neu,있었어요,259,2020-03-01
622,neu,다음에,258,2020-03-01
623,neu,물론,257,2020-03-01
624,neu,에,257,2020-03-01
625,neu,여행은,257,2020-03-01
626,neu,느낌이,256,2020-03-01
627,neu,먹은,256,2020-03-01
628,neu,출발,256,2020-03-01
629,neu,개,255,2020-03-01
630,neu,나도,255,2020-03-01
631,neu,모든,254,2020-03-01
632,neu,이게,254,2020-03-01
633,neu,제주도에서,254,2020-03-01
634,neu,로,253,2020-03-01
635,neu,안에,252,2020-03-01
636,neu,오면,252,2020-03-01
637,neu,했어요,251,2020-03-01
638,neu,일찍,249,2020-03-01
639,neu,항상,249,2020-03-01
640,neu,하면,247,2020-03-01
641,neu,나오는,246,2020-03-01
642,neu,맛,244,2020-03-01
643,neu,곳을,241,2020-03-01
644,neu,없었다,240,2020-03-01
645,neu,있을,240,2020-03-01
646,neu,덕분에,239,2020-03-01
647,neu,도,239,2020-03-01
648,neu,이건,239,2020-03-01
649,neu,공항,237,2020-03-01
650,neu,없다,236,2020-03-01
651,neu,정도로,236,2020-03-01
652,neu,에서,235,2020-03-01
653,neu,층,235,2020-03-01
654,neu,막,234,2020-03-01
655,neu,지난,234,2020-03-01
656,neu,나름,233,2020-03-01
657,neu,매우,233,2020-03-01
658,neu,밥,233,2020-03-01
659,neu,좋았어요,231,2020-03-01
660,neu,같은데,230,2020-03-01
661,neu,끝,230,2020-03-01
662,neu,다녀온,230,2020-03-01
663,neu,사람,230,2020-03-01
664,neu,성산일출봉,230,2020-03-01
665,neu,추천,230,2020-03-01
666,neu,라는,229,2020-03-01
667,neu,저녁,229,2020-03-01
668,neu,배가,228,2020-03-01
669,neu,커피,228,2020-03-01
670,neu,해요,228,2020-03-01
671,neu,나와서,226,2020-03-01
672,neu,숙소에서,226,2020-03-01
673,neu,되는,225,2020-03-01
674,neu,있지만,225,2020-03-01
675,neu,될,224,2020-03-01
676,neu,매일,224,2020-03-01
677,neu,빨리,224,2020-03-01
678,neu,여긴,224,2020-03-01
679,neu,제주시,224,2020-03-01
680,neu,가게,223,2020-03-01
681,neu,것을,223,2020-03-01
682,neu,대한,223,2020-03-01
683,neu,안녕하세요,223,2020-03-01
684,neu,기분이,222,2020-03-01
685,neu,사장님이,222,2020-03-01
686,neu,날씨,221,2020-03-01
687,neu,왔다,221,2020-03-01
688,neu,얼마나,220,2020-03-01
689,neu,제주는,220,2020-03-01
690,neu,가기,219,2020-03-01
691,neu,동안,217,2020-03-01
692,neu,나왔다,216,2020-03-01
693,neu,나의,215,2020-03-01
694,neu,제주도여행,214,2020-03-01
695,neu,싶어서,213,2020-03-01
696,neu,ㅠㅠㅠ,213,2020-03-01
697,neu,날은,212,2020-03-01
698,neu,곳에,211,2020-03-01
699,neu,오후,211,2020-03-01
700,neu,굉장히,210,2020-03-01
701,neu,많고,209,2020-03-01
702,neu,말,209,2020-03-01
703,neu,같아서,208,2020-03-01
704,neu,오름,208,2020-03-01
705,neu,우리의,208,2020-03-01
706,neu,위치한,208,2020-03-01
707,neu,렌트카,207,2020-03-01
708,neu,여기가,207,2020-03-01
709,neu,있던,207,2020-03-01
710,neu,나중에,206,2020-03-01
711,neu,해도,206,2020-03-01
712,neu,좋았던,205,2020-03-01
713,neu,그런데,204,2020-03-01
714,neu,기분,204,2020-03-01
715,neu,때는,204,2020-03-01
716,neu,오는,204,2020-03-01
717,neu,있다고,203,2020-03-01
718,neu,되어,201,2020-03-01
719,neu,코스,201,2020-03-01
720,neu,되게,200,2020-03-01
721,neu,아닌,198,2020-03-01
722,neu,어떻게,198,2020-03-01
723,neu,잠깐,198,2020-03-01
724,neu,마스크,196,2020-03-01
725,neu,싶다,196,2020-03-01
726,neu,싶었는데,196,2020-03-01
727,neu,않아서,196,2020-03-01
728,neu,우린,196,2020-03-01
729,neu,밖에,194,2020-03-01
730,neu,마음이,192,2020-03-01
731,neu,제주를,192,2020-03-01
732,neu,ㅋㅋㅋㅋㅋㅋㅋ,192,2020-03-01
733,neu,포스팅,192,2020-03-01
734,neu,했던,192,2020-03-01
735,neu,들고,191,2020-03-01
736,neu,만원,191,2020-03-01
737,neu,약,191,2020-03-01
738,neu,집에,190,2020-03-01
739,neu,나온,189,2020-03-01
740,neu,찍을,189,2020-03-01
741,neu,것은,188,2020-03-01
742,neu,멀리,188,2020-03-01
743,neu,무슨,188,2020-03-01
744,neu,산방산,188,2020-03-01
745,neu,가까운,187,2020-03-01
746,neu,곳으로,187,2020-03-01
747,neu,앉아서,187,2020-03-01
748,neu,이날,187,2020-03-01
749,neu,저도,187,2020-03-01
750,neu,라고,185,2020-03-01
751,neu,벌써,185,2020-03-01
752,neu,제주도의,185,2020-03-01
753,neu,가지고,184,2020-03-01
754,neu,하는데,184,2020-03-01
755,neu,https,183,2020-03-01
756,neu,산,183,2020-03-01
757,neu,지금은,183,2020-03-01
758,neu,카페를,183,2020-03-01
759,neu,아니,181,2020-03-01
760,neu,분위기,180,2020-03-01
761,neu,아침에,180,2020-03-01
762,neu,좋아요,180,2020-03-01
763,neu,가득,179,2020-03-01
764,neu,수가,178,2020-03-01
765,neu,않았다,178,2020-03-01
766,neu,여러,178,2020-03-01
767,neu,아마,177,2020-03-01
768,neu,중에,177,2020-03-01
769,neu,하루,177,2020-03-01
770,neu,하면서,177,2020-03-01
771,neu,무조건,176,2020-03-01
772,neu,수도,176,2020-03-01
773,neu,집,175,2020-03-01
774,neu,보면서,174,2020-03-01
775,neu,올,174,2020-03-01
776,neu,하다,174,2020-03-01
777,neu,제주도를,173,2020-03-01
778,neu,친구가,173,2020-03-01
779,neu,a,172,2020-03-01
780,neu,길이,172,2020-03-01
781,neu,다행히,172,2020-03-01
782,neu,가기로,171,2020-03-01
783,neu,도착한,171,2020-03-01
784,neu,만,171,2020-03-01
785,neu,사고,171,2020-03-01
786,neu,위에,171,2020-03-01
787,neu,길을,170,2020-03-01
788,neu,눈에,170,2020-03-01
789,neu,오랜만에,170,2020-03-01
790,neu,개인적으로,169,2020-03-01
791,neu,다음날,168,2020-03-01
792,neu,자주,168,2020-03-01
793,neu,된다,167,2020-03-01
794,neu,숙소는,167,2020-03-01
795,neu,시작,167,2020-03-01
796,neu,오전,167,2020-03-01
797,neu,으로,167,2020-03-01
798,neu,제주공항,167,2020-03-01
799,neu,둘,166,2020-03-01
800,neu,ㅠㅠㅠㅠ,166,2020-03-01
801,neu,m,165,2020-03-01
802,neu,모습을,165,2020-03-01
803,neu,분들이,165,2020-03-01
804,neu,사서,165,2020-03-01
805,neu,예뻐서,165,2020-03-01
806,neu,저희가,165,2020-03-01
807,neu,겨울,164,2020-03-01
808,neu,는,164,2020-03-01
809,neu,도착해서,164,2020-03-01
810,neu,않는,164,2020-03-01
811,neu,앞,164,2020-03-01
812,neu,이동,164,2020-03-01
813,neu,그럼,163,2020-03-01
814,neu,들었다,163,2020-03-01
815,neu,바람,163,2020-03-01
816,neu,앞에서,163,2020-03-01
817,neu,카페가,163,2020-03-01
818,neu,가격은,162,2020-03-01
819,neu,버스,162,2020-03-01
820,neu,배,161,2020-03-01
821,neu,애월,161,2020-03-01
822,neu,어느,160,2020-03-01
823,neu,유채꽃이,160,2020-03-01
824,neu,찍는,160,2020-03-01
825,neu,고기,159,2020-03-01
826,neu,세,159,2020-03-01
827,neu,여행의,159,2020-03-01
828,neu,오설록,158,2020-03-01
829,neu,공항에서,157,2020-03-01
830,neu,구경하고,157,2020-03-01
831,neu,맛있어서,157,2020-03-01
832,neu,숙소에,157,2020-03-01
833,neu,아니고,157,2020-03-01
834,neu,하늘이,157,2020-03-01
835,neu,갔어요,156,2020-03-01
836,neu,먹으면,156,2020-03-01
837,neu,있음,156,2020-03-01
838,neu,눈이,155,2020-03-01
839,neu,만든,155,2020-03-01
840,neu,버스를,155,2020-03-01
841,neu,있다는,155,2020-03-01
842,neu,차로,155,2020-03-01
843,neu,ㅜ,155,2020-03-01
844,neu,가지,154,2020-03-01
845,neu,귤,154,2020-03-01
846,neu,넓은,154,2020-03-01
847,neu,많았다,154,2020-03-01
848,neu,분들은,154,2020-03-01
849,neu,여기도,154,2020-03-01
850,neu,주변,154,2020-03-01
851,neu,풍경을,154,2020-03-01
852,pos,좋은,1003,2020-03-01
853,pos,예쁜,631,2020-03-01
854,pos,좋아하는,424,2020-03-01
855,pos,맛집,336,2020-03-01
856,pos,좋을,313,2020-03-01
857,pos,좋다,305,2020-03-01
858,pos,아름다운,299,2020-03-01
859,pos,맛있게,287,2020-03-01
860,pos,맛있는,283,2020-03-01
861,pos,귀여운,273,2020-03-01
862,pos,좋고,234,2020-03-01
863,pos,예쁘게,217,2020-03-01
864,pos,좋아서,215,2020-03-01
865,pos,따뜻한,206,2020-03-01
866,pos,편하게,175,2020-03-01
867,pos,맛있다,174,2020-03-01
868,pos,이쁜,141,2020-03-01
869,pos,좋아,133,2020-03-01
870,pos,맑은,131,2020-03-01
871,pos,많다,128,2020-03-01
872,pos,최고,128,2020-03-01
873,pos,예쁘다,126,2020-03-01
874,pos,예쁘고,106,2020-03-01
875,pos,행복한,95,2020-03-01
876,pos,즐거운,85,2020-03-01
877,pos,맑고,73,2020-03-01
878,pos,좋게,70,2020-03-01
879,pos,만족,66,2020-03-01
880,pos,즐기고,63,2020-03-01
881,pos,귀엽다,60,2020-03-01
882,pos,깨끗하고,60,2020-03-01
883,pos,즐기는,59,2020-03-01
884,pos,강추,57,2020-03-01
885,pos,깔끔한,55,2020-03-01
886,pos,이쁘다,55,2020-03-01
887,pos,최고의,54,2020-03-01
888,pos,깔끔하게,52,2020-03-01
889,pos,젊은,51,2020-03-01
890,pos,어울리는,48,2020-03-01
891,pos,편안한,48,2020-03-01
892,pos,좋다고,46,2020-03-01
893,pos,소중한,45,2020-03-01
894,pos,따뜻하고,44,2020-03-01
895,pos,좋음,44,2020-03-01
896,pos,즐겁게,44,2020-03-01
897,pos,사랑하는,43,2020-03-01
898,pos,야무지게,43,2020-03-01
899,pos,편안하게,43,2020-03-01
900,pos,시원하고,41,2020-03-01
901,pos,편하고,39,2020-03-01
902,pos,행복,39,2020-03-01
903,pos,건강한,38,2020-03-01
904,pos,귀엽고,38,2020-03-01
905,pos,친절하게,38,2020-03-01
906,pos,편히,37,2020-03-01
907,pos,만족스러운,36,2020-03-01
908,pos,사랑,36,2020-03-01
909,pos,편한,34,2020-03-01
910,pos,좋으면,33,2020-03-01
911,pos,성공,32,2020-03-01
912,pos,가능하다,31,2020-03-01
913,pos,깨끗한,31,2020-03-01
914,pos,싱싱한,31,2020-03-01
915,pos,친절한,31,2020-03-01
916,pos,따뜻하게,30,2020-03-01
917,pos,아름답다,30,2020-03-01
918,pos,부지런히,29,2020-03-01
919,pos,귀엽게,27,2020-03-01
920,pos,시원하게,27,2020-03-01
921,pos,꾸준히,26,2020-03-01
922,pos,좋아하고,26,2020-03-01
923,pos,즐기기,26,2020-03-01
924,pos,재밌는,25,2020-03-01
925,pos,멋지게,24,2020-03-01
926,pos,멋지다,24,2020-03-01
927,pos,밝은,24,2020-03-01
928,pos,사랑해,24,2020-03-01
929,pos,장점,24,2020-03-01
930,pos,재미있는,23,2020-03-01
931,pos,행복하다,23,2020-03-01
932,pos,아름다움을,22,2020-03-01
933,pos,아름답고,22,2020-03-01
934,pos,안전한,22,2020-03-01
935,pos,재미있게,22,2020-03-01
936,pos,착한,22,2020-03-01
937,pos,감동,21,2020-03-01
938,pos,멋있는,21,2020-03-01
939,pos,즐겁고,21,2020-03-01
940,pos,고르고,20,2020-03-01
941,pos,든든히,19,2020-03-01
942,pos,아름답게,19,2020-03-01
943,pos,친한,19,2020-03-01
944,pos,반가운,18,2020-03-01
945,pos,즐기며,18,2020-03-01
946,pos,편하다,18,2020-03-01
947,pos,평화로운,18,2020-03-01
948,pos,감탄,17,2020-03-01
949,pos,만족스럽게,17,2020-03-01
950,pos,멋있다,16,2020-03-01
951,pos,상쾌한,16,2020-03-01
952,pos,인기있는,16,2020-03-01
953,pos,고마운,14,2020-03-01
954,pos,성공적,14,2020-03-01
955,pos,좋아함,14,2020-03-01
956,pos,화창한,14,2020-03-01
957,pos,귀요미,13,2020-03-01
958,pos,득템,13,2020-03-01
959,pos,멋스러운,13,2020-03-01
960,pos,선호하는,13,2020-03-01
961,pos,싱싱하고,13,2020-03-01
962,pos,웃으며,13,2020-03-01
963,pos,적절한,13,2020-03-01
964,pos,조화를,13,2020-03-01
965,pos,편안하고,13,2020-03-01
966,pos,편안히,13,2020-03-01
967,pos,만족한,12,2020-03-01
968,pos,멋지고,12,2020-03-01
969,pos,밝게,12,2020-03-01
970,pos,사랑스러운,12,2020-03-01
971,pos,친절,12,2020-03-01
972,pos,감사,11,2020-03-01
973,pos,개이득,11,2020-03-01
974,pos,고급,11,2020-03-01
975,pos,아름다움,11,2020-03-01
976,pos,알차고,11,2020-03-01
977,pos,웃는,11,2020-03-01
978,pos,조화,11,2020-03-01
979,pos,즐기다,11,2020-03-01
980,pos,착하고,11,2020-03-01
981,pos,훌륭한,11,2020-03-01
982,pos,고운,10,2020-03-01
983,pos,귀한,10,2020-03-01
984,pos,뛰어난,10,2020-03-01
985,pos,아름다워서,10,2020-03-01
986,pos,안전,10,2020-03-01
987,pos,잘하는,10,2020-03-01
988,pos,잘한,10,2020-03-01
989,pos,재미,10,2020-03-01
990,pos,행복을,10,2020-03-01
991,pos,기쁜,9,2020-03-01
992,pos,대단하다,9,2020-03-01
993,pos,대단한,9,2020-03-01
994,pos,맑아지는,9,2020-03-01
995,pos,사랑의,9,2020-03-01
996,pos,성공한,9,2020-03-01
997,pos,솔직한,9,2020-03-01
998,pos,웃으면서,9,2020-03-01
999,pos,잘되어,9,2020-03-01
1000,pos,좋아해,9,2020-03-01
1001,pos,힘차게,9,2020-03-01
1002,pos,기대되는,8,2020-03-01
1003,pos,미소,8,2020-03-01
1004,pos,아름다워,8,2020-03-01
1005,pos,흥이,8,2020-03-01
1006,pos,고맙다,7,2020-03-01
1007,pos,따뜻하다,7,2020-03-01
1008,pos,바르고,7,2020-03-01
1009,pos,뿌듯하다,7,2020-03-01
1010,pos,세련된,7,2020-03-01
1011,pos,유익한,7,2020-03-01
1012,pos,즐거움,7,2020-03-01
1013,pos,평화롭게,7,2020-03-01
1014,pos,감동이,6,2020-03-01
1015,pos,감사하다,6,2020-03-01
1016,pos,깔끔하다,6,2020-03-01
1017,pos,뜻깊은,6,2020-03-01
1018,pos,만족하는,6,2020-03-01
1019,pos,만족할,6,2020-03-01
1020,pos,멋을,6,2020-03-01
1021,pos,바른,6,2020-03-01
1022,pos,반갑다,6,2020-03-01
1023,pos,밝고,6,2020-03-01
1024,pos,사랑하고,6,2020-03-01
1025,pos,어울려,6,2020-03-01
1026,pos,오붓하게,6,2020-03-01
1027,pos,적절히,6,2020-03-01
1028,pos,즐거움을,6,2020-03-01
1029,pos,즐겁다,6,2020-03-01
1030,pos,청결한,6,2020-03-01
1031,pos,행운을,6,2020-03-01
1032,pos,환하게,6,2020-03-01
1033,pos,값진,5,2020-03-01
1034,pos,건강하고,5,2020-03-01
1035,pos,경이로운,5,2020-03-01
1036,pos,곱게,5,2020-03-01
1037,pos,곱고,5,2020-03-01
1038,pos,긍정적인,5,2020-03-01
1039,pos,든든하고,5,2020-03-01
1040,pos,맑다,5,2020-03-01
1041,pos,멋,5,2020-03-01
1042,pos,밝아서,5,2020-03-01
1043,pos,오순도순,5,2020-03-01
1044,pos,웃을,5,2020-03-01
1045,pos,유쾌한,5,2020-03-01
1046,pos,절친,5,2020-03-01
1047,pos,즐거움이,5,2020-03-01
1048,pos,즐거워,5,2020-03-01
1049,pos,즐겨,5,2020-03-01
1050,pos,칭찬,5,2020-03-01
1051,pos,쾌적한,5,2020-03-01
1052,pos,편리하고,5,2020-03-01
1053,pos,편안,5,2020-03-01
1054,pos,현명한,5,2020-03-01
1055,pos,환한,5,2020-03-01
1056,pos,감격,4,2020-03-01
1057,pos,곱다,4,2020-03-01
1058,pos,기쁘게,4,2020-03-01
1059,pos,기쁨,4,2020-03-01
1060,pos,도덕적,4,2020-03-01
1061,pos,만족스럽다,4,2020-03-01
1062,pos,맑게,4,2020-03-01
1063,pos,매력적이다,4,2020-03-01
1064,pos,수월하게,4,2020-03-01
1065,pos,실하게,4,2020-03-01
1066,pos,어울리고,4,2020-03-01
1067,pos,최상의,4,2020-03-01
1068,pos,평화롭다,4,2020-03-01
1069,pos,개운하게,3,2020-03-01
1070,pos,고마움을,3,2020-03-01
1071,pos,귀중한,3,2020-03-01
1072,pos,긍정적으로,3,2020-03-01
1073,pos,기쁨을,3,2020-03-01
1074,pos,꼼꼼한,3,2020-03-01
1075,pos,덕,3,2020-03-01
1076,pos,덕을,3,2020-03-01
1077,pos,사랑이다,3,2020-03-01
1078,pos,소중하게,3,2020-03-01
1079,pos,소중히,3,2020-03-01
1080,pos,순조롭게,3,2020-03-01
1081,pos,실하고,3,2020-03-01
1082,pos,영롱하다,3,2020-03-01
1083,pos,올바른,3,2020-03-01
1084,pos,완벽하다,3,2020-03-01
1085,pos,위대한,3,2020-03-01
1086,pos,위엄을,3,2020-03-01
1087,pos,위트,3,2020-03-01
1088,pos,유용한,3,2020-03-01
1089,pos,이득,3,2020-03-01
1090,pos,인정받는,3,2020-03-01
1091,pos,잘해,3,2020-03-01
1092,pos,재미있다,3,2020-03-01
1093,pos,조화로운,3,2020-03-01
1094,pos,존예,3,2020-03-01
1095,pos,착하다,3,2020-03-01
1096,pos,편리하다,3,2020-03-01
1097,pos,호의,3,2020-03-01
1098,pos,활기를,3,2020-03-01
1099,pos,활발한,3,2020-03-01
1100,pos,개운하고,2,2020-03-01
1101,pos,대단하고,2,2020-03-01
1102,pos,똑똑한,2,2020-03-01
1103,pos,뛰어나,2,2020-03-01
1104,pos,만족시키는,2,2020-03-01
1105,pos,만족함,2,2020-03-01
1106,pos,말끔히,2,2020-03-01
1107,pos,멋스럽다,2,2020-03-01
1108,pos,멋쟁이,2,2020-03-01
1109,pos,바르게,2,2020-03-01
1110,pos,복을,2,2020-03-01
1111,pos,부지런,2,2020-03-01
1112,pos,빼어난,2,2020-03-01
1113,pos,사랑받고,2,2020-03-01
1114,pos,상위,2,2020-03-01
1115,pos,상쾌하다,2,2020-03-01
1116,pos,상쾌할,2,2020-03-01
1117,pos,소중하다,2,2020-03-01
1118,pos,아름다움과,2,2020-03-01
1119,pos,용감하게,2,2020-03-01
1120,pos,우아하게,2,2020-03-01
1121,pos,웰빙,2,2020-03-01
1122,pos,이득을,2,2020-03-01
1123,pos,이성적인,2,2020-03-01
1124,pos,장점을,2,2020-03-01
1125,pos,정답게,2,2020-03-01
1126,pos,존경하는,2,2020-03-01
1127,pos,즐거움과,2,2020-03-01
1128,pos,즐김,2,2020-03-01
1129,pos,지혜,2,2020-03-01
1130,pos,지혜가,2,2020-03-01
1131,pos,최상급,2,2020-03-01
1132,pos,친근하고,2,2020-03-01
1133,pos,친하게,2,2020-03-01
1134,pos,평온,2,2020-03-01
1135,pos,한결같은,2,2020-03-01
1136,pos,활기,2,2020-03-01
1137,pos,훌륭하다,2,2020-03-01
1138,pos,힘찬,2,2020-03-01
1139,pos,간편하다,1,2020-03-01
1140,pos,감격스럽다,1,2020-03-01
1141,pos,감격적,1,2020-03-01
1142,pos,감탄스럽다,1,2020-03-01
1143,pos,강인한,1,2020-03-01
1144,pos,개운하다,1,2020-03-01
1145,pos,건전한,1,2020-03-01
1146,pos,경이롭다,1,2020-03-01
1147,pos,고르다,1,2020-03-01
1148,pos,고맙게,1,2020-03-01
1149,pos,고백,1,2020-03-01
1150,pos,고품질,1,2020-03-01
1151,pos,공덕으로,1,2020-03-01
1152,pos,귀하게,1,2020-03-01
1153,pos,근사하다,1,2020-03-01
1154,pos,기쁘고,1,2020-03-01
1155,pos,기쁘다,1,2020-03-01
1156,pos,기운차게,1,2020-03-01
1157,pos,깨끗하다,1,2020-03-01
1158,pos,깨끗하여,1,2020-03-01
1159,pos,꾸준한,1,2020-03-01
1160,pos,꾸준함,1,2020-03-01
1161,pos,능숙하게,1,2020-03-01
1162,pos,단출하게,1,2020-03-01
1163,pos,독창적인,1,2020-03-01
1164,pos,든든하다,1,2020-03-01
1165,pos,똑똑하고,1,2020-03-01
1166,pos,뛰어나고,1,2020-03-01
1167,pos,마땅하고,1,2020-03-01
1168,pos,막힘없이,1,2020-03-01
1169,pos,만족하다,1,2020-03-01
1170,pos,말끔하게,1,2020-03-01
1171,pos,맑다는,1,2020-03-01
1172,pos,매력있다,1,2020-03-01
1173,pos,믿음직스러운,1,2020-03-01
1174,pos,바람직하다,1,2020-03-01
1175,pos,바람직한,1,2020-03-01
1176,pos,사랑스러움,1,2020-03-01
1177,pos,사랑스럽게,1,2020-03-01
1178,pos,사랑스럽다,1,2020-03-01
1179,pos,상위권,1,2020-03-01
1180,pos,성공적이다,1,2020-03-01
1181,pos,성숙한,1,2020-03-01
1182,pos,세련되고,1,2020-03-01
1183,pos,세련되다,1,2020-03-01
1184,pos,소담스러운,1,2020-03-01
1185,pos,순결,1,2020-03-01
1186,pos,슬기로운,1,2020-03-01
1187,pos,승리,1,2020-03-01
1188,pos,실용적인,1,2020-03-01
1189,pos,심쿵,1,2020-03-01
1190,pos,싱글벙글,1,2020-03-01
1191,pos,싱싱하다,1,2020-03-01
1192,pos,야무지고,1,2020-03-01
1193,pos,어울리게,1,2020-03-01
1194,pos,영리한,1,2020-03-01
1195,pos,온화하고,1,2020-03-01
1196,pos,옳고,1,2020-03-01
1197,pos,우수한,1,2020-03-01
1198,pos,유능한,1,2020-03-01
1199,pos,유리한,1,2020-03-01
1200,pos,유용하다,1,2020-03-01
1201,pos,은총,1,2020-03-01
1202,pos,은혜를,1,2020-03-01
1203,pos,은혜에,1,2020-03-01
1204,pos,이성적,1,2020-03-01
1205,pos,이익,1,2020-03-01
1206,pos,이익을,1,2020-03-01
1207,pos,일품이다,1,2020-03-01
1208,pos,잘된,1,2020-03-01
1209,pos,장엄한,1,2020-03-01
1210,pos,장하다,1,2020-03-01
1211,pos,정겹다,1,2020-03-01
1212,pos,정다운,1,2020-03-01
1213,pos,정성으로,1,2020-03-01
1214,pos,조화롭다,1,2020-03-01
1215,pos,좋거나,1,2020-03-01
1216,pos,좋아하다,1,2020-03-01
1217,pos,좋아하여,1,2020-03-01
1218,pos,착실한,1,2020-03-01
1219,pos,찬양,1,2020-03-01
1220,pos,찬양하는,1,2020-03-01
1221,pos,축복,1,2020-03-01
1222,pos,친밀한,1,2020-03-01
1223,pos,친절하다,1,2020-03-01
1224,pos,쾌적,1,2020-03-01
1225,pos,쾌활한,1,2020-03-01
1226,pos,탐스러운,1,2020-03-01
1227,pos,탐스럽게,1,2020-03-01
1228,pos,특권,1,2020-03-01
1229,pos,편리성,1,2020-03-01
1230,pos,평안한,1,2020-03-01
1231,pos,평화로움,1,2020-03-01
1232,pos,하드캐리,1,2020-03-01
1233,pos,함박웃음,1,2020-03-01
1234,pos,화목하게,1,2020-03-01
1235,pos,화목하고,1,2020-03-01
1236,pos,화목한,1,2020-03-01
1237,pos,환성을,1,2020-03-01
1238,pos,환하고,1,2020-03-01
1239,pos,활기가,1,2020-03-01
1240,pos,흐뭇하게,1,2020-03-01
1241,pos,흡족하다,1,2020-03-01
1242,pos,흥에,1,2020-03-01
